<?xml version="1.0" encoding="UTF-8" standalone="no"?><templates><template autoinsert="false" context="java-statements" deleted="false" description="add a Log4J 1.2 log.debug statement" enabled="true" name="logdebug">${logger:var(org.apache.log4j.Logger)}.debug("${}");${cursor}
</template><template autoinsert="false" context="java-statements" deleted="false" description="add a Log4J 1.2 log.error statement" enabled="true" name="logerror">${logger:var(org.apache.log4j.Logger)}.error("${}");${cursor}
</template><template autoinsert="false" context="java-statements" deleted="false" description="add a Log4J 1.2 log.fatal statement" enabled="true" name="logfatal">${logger:var(org.apache.log4j.Logger)}.fatal("${}");${cursor}
</template><template autoinsert="false" context="java-members" deleted="false" description="Add a Log4J 1.2 logger, updating the imports if necessary" enabled="true" name="logger">${:import(org.apache.log4j.Logger)}private static final Logger logger = Logger.getLogger(${enclosing_type}.class);
</template><template autoinsert="false" context="java-statements" deleted="false" description="add a Log4J 1.2 log.info statement" enabled="true" name="loginfo">${logger:var(org.apache.log4j.Logger)}.info("${}");${cursor}
</template><template autoinsert="false" context="java-statements" deleted="false" description="add a Log4J 1.2 log.trace statement" enabled="true" name="logtrace">${logger:var(org.apache.log4j.Logger)}.trace("${}");${cursor}
</template><template autoinsert="false" context="java-statements" deleted="false" description="add a Log4J 1.2 log.warn statement" enabled="true" name="logwarn">${logger:var(org.apache.log4j.Logger)}.warn("${}");${cursor}
</template><template autoinsert="true" context="java-statements" deleted="false" description="format to standard error" enabled="true" name="seformat">System.err.format(${word_selection}${});${cursor}</template><template autoinsert="true" context="java-statements" deleted="false" description="format to standard out" enabled="true" name="soformat">System.out.format(${word_selection}${});${cursor}</template></templates>